{"cameraMode":{"drawMode":0,"name":"Shaded","section":"Shading Mode"},"sceneLighting":true,"audioPlay":false,"sceneViewState":{"m_AlwaysRefresh":false,"showFog":true,"showSkybox":true,"showFlares":true,"showImageEffects":true,"showParticleSystems":true,"showVisualEffectGraphs":true,"m_FxEnabled":true},"in2DMode":false,"pivot":{"x":1.0596511363983155,"y":-1.0358502864837647,"z":6.3111958503723148},"rotation":{"x":0.12674595415592194,"y":0.8651474714279175,"z":-0.27361470460891726,"w":0.4007629454135895},"size":3.202821731567383,"orthographic":false}