{"cameraMode":{"drawMode":0,"name":"Shaded","section":"Shading Mode"},"sceneLighting":true,"audioPlay":false,"sceneViewState":{"m_AlwaysRefresh":false,"showFog":true,"showSkybox":true,"showFlares":true,"showImageEffects":true,"showParticleSystems":true,"showVisualEffectGraphs":true,"m_FxEnabled":true},"in2DMode":false,"pivot":{"x":1055.0364990234375,"y":408.15997314453127,"z":-18.982284545898439},"rotation":{"x":0.08260173350572586,"y":0.05229157954454422,"z":-0.0043417466804385189,"w":0.9952091574668884},"size":80.73680877685547,"orthographic":false}